{
    "Gender": {
        "gender": ["male", "female"],
        "percent": [0.5042, 0.4958]
    },
    "Age": {
        "age": [18,19,20,21,22,23,24,25,26,27,28,29,30,31,32,33,34,35,36,37,38,39,40,41,42,43,44,45,46,47,48,49,50,51,52,53,54,55,56,57,58,59,60,61,62,63,64,65,66,67,68,69,70,71,72,73,74,75,76,77,78,79,80,81,82,83,84,85,86,87,88,89,90,91,92,93,94,95,96,97,98,99,100,101,102,103,104,105,106,107,108,109,110,111,112,113,114,115],
        "percent": [0.0175,0.0175,0.016,0.016,0.016,0.016,0.016,0.016,0.016,0.016,0.016,0.016,0.016,0.016,0.016,0.016,0.016,0.016,0.016,0.016,0.016,0.016,0.013,0.013,0.013,0.013,0.013,0.013,0.013,0.013,0.013,0.013,0.013,0.013,0.013,0.013,0.013,0.013,0.013,0.013,0.013,0.013,0.0055,0.0055,0.0055,0.0055,0.0055,0.0055,0.0055,0.0055,0.0055,0.0055,0.0055,0.0055,0.0055,0.0055,0.0055,0.0055,0.0055,0.0055,0.0055,0.0055,0.001,0.001,0.001,0.001,0.001,0.001,0.001,0.001,0.001,0.001,0.001,0.001,0.001,0.001,0.001,0.001,0.001,0.001,0.001,0.001,0.00005,0.00005,0.00005,0.00005,0.00005,0.00005,0.00005,0.00005,0.00005,0.00005,0.00005,0.00005,0.00005,0.00005,0.00005,0.00005]
    },
    "Race": {
        "race": ["asian","white","black","indian","other"],
        "percent": [0.31,0.177,0.147,0.247,0.119]
    },
    "Skin_color": {
        "color": ["pink/white","black","olive","yellow","mixed","other"],
        "percent": [0.582,0.116,0.19,0.057,0.049,0.006]
    },
    "Female_height": {
        "height": [119,120,121,122,123,124,125,126,127,128,129,130,131,132,133,134,135,136,137,138,139,140,141,142,143,144,145,146,147,148,149,150,151,152,153,154,155,156,157,158,159,160,161,162,163,164,165,166,167,168,169,170,171,172,173,174,175,176,177,178,179,180,181,182,183,184,185,186,187,188,189,190,191,192,193,194,195,196,197,198,199,200,201,202,203,204,205,206,207,208,209,210],
        "percent": [1e-10,1e-10,3e-10,8e-10,1.8e-9,4.1e-9,9.1e-9,1.99e-8,4.24e-8,8.87e-8,1.818e-7,3.655e-7,7.203e-7,0.0000013917,0.0000026361,0.0000048951,0.0000089113,0.000015904,0.0000278263,0.0000477299,0.0000802621,0.0001323166,0.0002138471,0.0003388262,0.0005263025,0.0008014541,0.0011964831,0.0017511336,0.0025125616,0.0035342635,0.0048737797,0.0065889712,0.0087328115,0.01134685,0.0144537753,0.0180497852,0.0220977234,0.0265220924,0.0312070553,0.0359983464,0.0407096218,0.0451332222,0.049054671,0.0522695968,0.054601263,0.0559166291,0.0561389171,0.0552550321,0.0533168392,0.0504361247,0.0467739213,0.0425256153,0.0379037507,0.033120625,0.0283726314,0.0238278832,0.0196180603,0.0158347577,0.0125300134,0.009720227,0.0073924097,0.0055116345,0.0040286501,0.0028868448,0.0020280193,0.0013967075,0.0009430259,0.000624204,0.0004050552,0.0002576835,0.0001607103,0.000098262,0.0000588996,0.0000346118,0.0000199398,0.0000112616,0.0000062354,0.0000033847,0.0000018012,9.397e-7,4.806e-7,2.41e-7,1.185e-7,5.71e-8,2.7e-8,1.25e-8,5.7e-9,2.5e-9,1.1e-9,5e-10,2e-10,1e-10]
    },
    "Male_height": {
        "height": [130,131,132,133,134,135,136,137,138,139,140,141,142,143,144,145,146,147,148,149,150,151,152,153,154,155,156,157,158,159,160,161,162,163,164,165,166,167,168,169,170,171,172,173,174,175,176,177,178,179,180,181,182,183,184,185,186,187,188,189,190,191,192,193,194,195,196,197,198,199,200,201,202,203,204,205,206,207,208,209,210,211,212,213,214,215,216,217,218,219,220,221,222,223,224,225,226,227],
        "percent": [1e-10,2e-10,4e-10,9e-10,2e-9,4.4e-9,9.2e-9,1.89e-8,3.84e-8,7.66e-8,1.502e-7,2.894e-7,5.482e-7,0.0000010206,0.0000018676,0.0000033587,0.0000059368,0.0000103135,0.0000176092,0.00002955,0.0000487366,0.0000790012,0.0001258616,0.0001970761,0.0003032884,0.0004587316,0.0006819344,0.00099634,0.0014307166,0.0020192063,0.0028008434,0.00381837,0.0051162086,0.0067375116,0.0087203088,0.0110929039,0.0138688257,0.0170417889,0.0205812488,0.024429204,0.028498891,0.0326759073,0.0368220872,0.0407821578,0.0443928522,0.0474938033,0.0499392368,0.0516092923,0.0524197515,0.0523290756,0.0513419334,0.049508803,0.0469216943,0.0437064965,0.0400128381,0.036002592,0.0318382532,0.0276723312,0.023638685,0.0198464087,0.0163765192,0.013281353,0.0105862974,0.0082932911,0.0063854394,0.0048320977,0.0035938644,0.0026270523,0.0018873689,0.0013326801,0.0009248602,0.0006308227,0.0004228824,0.0002786204,0.0001804211,0.0001148267,0.0000718256,0.0000441567,0.0000266806,0.0000158444,0.0000092477,0.0000053049,0.0000029909,0.0000016573,9.026e-7,4.831e-7,2.542e-7,1.314e-7,6.68e-8,3.34e-8,1.64e-8,7.9e-9,3.7e-9,1.7e-9,8e-10,4e-10,2e-10,1e-10]
    },
    "Weight": {
        "weight": ["overweight","obese"],
        "percent": [0.26,0.13]
    },
    "Eye_color": {
        "color": ["brown","blue","hazel","amber","gray","green","other"],
        "percent": [0.75,0.09,0.05,0.05,0.03,0.02,0.01]
    },
    "Hair_color": {
        "color": ["black/dark brown","brown","blonde","red","gray","other"],
        "percent": [0.76,0.13,0.06,0.02,0.02,0.01]
    },
    "Language": {
        "language": ["English","Chinese","Hindi","Spanish","French","Arabic","Bengali","Russian","Portuguese","Indonesian","German","Japanese","Turkish","Korean","Polish"],
        "percent": [0.165,0.146,0.083,0.07,0.036,0.036,0.034,0.034,0.033,0.026,0.016825,0.015675,0.0110125,0.0102125,0.006325]
    },
    "Workout": {
        "workout": ["yes","no"],
        "percent": [0.229,0.771]
    },
    "Income": {
        "income": ["0-5k","5k-10k","10k-15k","15k-20k","20k-30k","30k-40k","40k-50k","50k-75k","75k-100k","100k+"],
        "percent": [0.4,0.201,0.113,0.0706,0.081,0.055,0.036,0.03,0.01,0.003]
    },
    "Religion": {
        "religion": ["christianity","islam","hinduism","buddhism","no religion","other"],
        "percent": [0.29375,0.2125,0.1875,0.0625,0.1375,0.10625]
     }
}